image,class,split
6k-flux-images/1_fake/ComfyUI_08628_.png,1,test
6k-flux-images/1_fake/ComfyUI_09583_.png,1,test
6k-flux-images/1_fake/ComfyUI_11102_.png,1,test
6k-flux-images/1_fake/ComfyUI_10912_.png,1,test
6k-flux-images/1_fake/ComfyUI_10506_.png,1,test
6k-flux-images/1_fake/ComfyUI_13145_.png,1,test
6k-flux-images/1_fake/ComfyUI_11253_.png,1,test
6k-flux-images/1_fake/ComfyUI_11586_.png,1,test
6k-flux-images/1_fake/ComfyUI_11257_.png,1,test
6k-flux-images/1_fake/ComfyUI_09404_.png,1,test
6k-flux-images/1_fake/ComfyUI_07618_.png,1,test
6k-flux-images/1_fake/ComfyUI_11775_.png,1,test
6k-flux-images/1_fake/ComfyUI_10258_.png,1,test
6k-flux-images/1_fake/ComfyUI_09823_.png,1,test
6k-flux-images/1_fake/ComfyUI_09714_.png,1,test
6k-flux-images/1_fake/ComfyUI_09256_.png,1,test
6k-flux-images/1_fake/ComfyUI_10465_.png,1,test
6k-flux-images/1_fake/ComfyUI_07568_.png,1,test
6k-flux-images/1_fake/ComfyUI_09661_.png,1,test
6k-flux-images/1_fake/ComfyUI_07545_.png,1,test
6k-flux-images/1_fake/ComfyUI_08170_.png,1,test
6k-flux-images/1_fake/ComfyUI_09202_.png,1,test
6k-flux-images/1_fake/ComfyUI_11690_.png,1,test
6k-flux-images/1_fake/ComfyUI_12273_.png,1,test
6k-flux-images/1_fake/ComfyUI_12110_.png,1,test
6k-flux-images/1_fake/ComfyUI_12797_.png,1,test
6k-flux-images/1_fake/ComfyUI_10375_.png,1,test
6k-flux-images/1_fake/ComfyUI_11570_.png,1,test
6k-flux-images/1_fake/ComfyUI_10297_.png,1,test
6k-flux-images/1_fake/ComfyUI_11304_.png,1,test
6k-flux-images/1_fake/ComfyUI_10269_.png,1,test
6k-flux-images/1_fake/ComfyUI_09060_.png,1,test
6k-flux-images/1_fake/ComfyUI_08617_.png,1,test
6k-flux-images/1_fake/ComfyUI_09107_.png,1,test
6k-flux-images/1_fake/ComfyUI_10900_.png,1,test
6k-flux-images/1_fake/ComfyUI_11357_.png,1,test
6k-flux-images/1_fake/ComfyUI_10666_.png,1,test
6k-flux-images/1_fake/ComfyUI_07767_.png,1,test
6k-flux-images/1_fake/ComfyUI_08023_.png,1,test
6k-flux-images/1_fake/ComfyUI_07730_.png,1,test
6k-flux-images/1_fake/ComfyUI_11992_.png,1,test
6k-flux-images/1_fake/ComfyUI_07627_.png,1,test
6k-flux-images/1_fake/ComfyUI_10833_.png,1,test
6k-flux-images/1_fake/ComfyUI_12983_.png,1,test
6k-flux-images/1_fake/ComfyUI_07665_.png,1,test
6k-flux-images/1_fake/ComfyUI_08353_.png,1,test
6k-flux-images/1_fake/ComfyUI_12944_.png,1,test
6k-flux-images/1_fake/ComfyUI_12395_.png,1,test
6k-flux-images/1_fake/ComfyUI_10960_.png,1,test
6k-flux-images/1_fake/ComfyUI_11227_.png,1,test
6k-flux-images/1_fake/ComfyUI_11933_.png,1,test
6k-flux-images/1_fake/ComfyUI_12391_.png,1,test
6k-flux-images/1_fake/ComfyUI_09036_.png,1,test
6k-flux-images/1_fake/ComfyUI_12637_.png,1,test
6k-flux-images/1_fake/ComfyUI_13537_.png,1,test
6k-flux-images/1_fake/ComfyUI_12688_.png,1,test
6k-flux-images/1_fake/ComfyUI_08692_.png,1,test
6k-flux-images/1_fake/ComfyUI_08122_.png,1,test
6k-flux-images/1_fake/ComfyUI_08263_.png,1,test
6k-flux-images/1_fake/ComfyUI_11835_.png,1,test
6k-flux-images/1_fake/ComfyUI_13185_.png,1,test
6k-flux-images/1_fake/ComfyUI_09749_.png,1,test
6k-flux-images/1_fake/ComfyUI_11254_.png,1,test
6k-flux-images/1_fake/ComfyUI_08275_.png,1,test
6k-flux-images/1_fake/ComfyUI_13016_.png,1,test
6k-flux-images/1_fake/ComfyUI_08659_.png,1,test
6k-flux-images/1_fake/ComfyUI_11047_.png,1,test
6k-flux-images/1_fake/ComfyUI_09499_.png,1,test
6k-flux-images/1_fake/ComfyUI_11905_.png,1,test
6k-flux-images/1_fake/ComfyUI_07612_.png,1,test
6k-flux-images/1_fake/ComfyUI_12440_.png,1,test
6k-flux-images/1_fake/ComfyUI_12990_.png,1,test
6k-flux-images/1_fake/ComfyUI_07606_.png,1,test
6k-flux-images/1_fake/ComfyUI_11738_.png,1,test
6k-flux-images/1_fake/ComfyUI_09215_.png,1,test
6k-flux-images/1_fake/ComfyUI_10354_.png,1,test
6k-flux-images/1_fake/ComfyUI_07526_.png,1,test
6k-flux-images/1_fake/ComfyUI_12144_.png,1,test
6k-flux-images/1_fake/ComfyUI_08608_.png,1,test
6k-flux-images/1_fake/ComfyUI_10012_.png,1,test
6k-flux-images/1_fake/ComfyUI_08355_.png,1,test
6k-flux-images/1_fake/ComfyUI_09283_.png,1,test
6k-flux-images/1_fake/ComfyUI_12627_.png,1,test
6k-flux-images/1_fake/ComfyUI_11636_.png,1,test
6k-flux-images/1_fake/ComfyUI_13418_.png,1,test
6k-flux-images/1_fake/ComfyUI_08455_.png,1,test
6k-flux-images/1_fake/ComfyUI_08671_.png,1,test
6k-flux-images/1_fake/ComfyUI_11663_.png,1,test
6k-flux-images/1_fake/ComfyUI_07855_.png,1,test
6k-flux-images/1_fake/ComfyUI_08753_.png,1,test
6k-flux-images/1_fake/ComfyUI_07919_.png,1,test
6k-flux-images/1_fake/ComfyUI_12701_.png,1,test
6k-flux-images/1_fake/ComfyUI_11605_.png,1,test
6k-flux-images/1_fake/ComfyUI_11096_.png,1,test
6k-flux-images/1_fake/ComfyUI_09584_.png,1,test
6k-flux-images/1_fake/ComfyUI_07811_.png,1,test
6k-flux-images/1_fake/ComfyUI_09509_.png,1,test
6k-flux-images/1_fake/ComfyUI_12745_.png,1,test
6k-flux-images/1_fake/ComfyUI_09805_.png,1,test
6k-flux-images/1_fake/ComfyUI_11814_.png,1,test
6k-flux-images/1_fake/ComfyUI_10333_.png,1,test
6k-flux-images/1_fake/ComfyUI_13669_.png,1,test
6k-flux-images/1_fake/ComfyUI_11587_.png,1,test
6k-flux-images/1_fake/ComfyUI_08613_.png,1,test
6k-flux-images/1_fake/ComfyUI_08251_.png,1,test
6k-flux-images/1_fake/ComfyUI_11107_.png,1,test
6k-flux-images/1_fake/ComfyUI_10504_.png,1,test
6k-flux-images/1_fake/ComfyUI_11375_.png,1,test
6k-flux-images/1_fake/ComfyUI_09581_.png,1,test
6k-flux-images/1_fake/ComfyUI_11449_.png,1,test
6k-flux-images/1_fake/ComfyUI_11633_.png,1,test
6k-flux-images/1_fake/ComfyUI_13135_.png,1,test
6k-flux-images/1_fake/ComfyUI_10438_.png,1,test
6k-flux-images/1_fake/ComfyUI_08006_.png,1,test
6k-flux-images/1_fake/ComfyUI_10360_.png,1,test
6k-flux-images/1_fake/ComfyUI_13115_.png,1,test
6k-flux-images/1_fake/ComfyUI_11893_.png,1,test
6k-flux-images/1_fake/ComfyUI_11841_.png,1,test
6k-flux-images/1_fake/ComfyUI_07488_.png,1,test
6k-flux-images/1_fake/ComfyUI_13712_.png,1,test
6k-flux-images/1_fake/ComfyUI_13688_.png,1,test
6k-flux-images/1_fake/ComfyUI_11378_.png,1,test
6k-flux-images/1_fake/ComfyUI_09029_.png,1,test
6k-flux-images/1_fake/ComfyUI_09947_.png,1,test
6k-flux-images/1_fake/ComfyUI_07995_.png,1,test
6k-flux-images/1_fake/ComfyUI_08849_.png,1,test
6k-flux-images/1_fake/ComfyUI_11934_.png,1,test
6k-flux-images/1_fake/ComfyUI_11327_.png,1,test
6k-flux-images/1_fake/ComfyUI_09952_.png,1,test
6k-flux-images/1_fake/ComfyUI_09286_.png,1,test
6k-flux-images/1_fake/ComfyUI_10828_.png,1,test
6k-flux-images/1_fake/ComfyUI_09389_.png,1,test
6k-flux-images/1_fake/ComfyUI_11630_.png,1,test
6k-flux-images/1_fake/ComfyUI_10330_.png,1,test
6k-flux-images/1_fake/ComfyUI_08714_.png,1,test
6k-flux-images/1_fake/ComfyUI_12302_.png,1,test
6k-flux-images/1_fake/ComfyUI_12199_.png,1,test
6k-flux-images/1_fake/ComfyUI_11760_.png,1,test
6k-flux-images/1_fake/ComfyUI_13540_.png,1,test
6k-flux-images/1_fake/ComfyUI_08300_.png,1,test
6k-flux-images/1_fake/ComfyUI_08785_.png,1,test
6k-flux-images/1_fake/ComfyUI_09697_.png,1,test
6k-flux-images/1_fake/ComfyUI_11030_.png,1,test
6k-flux-images/1_fake/ComfyUI_13047_.png,1,test
6k-flux-images/1_fake/ComfyUI_08626_.png,1,test
6k-flux-images/1_fake/ComfyUI_08660_.png,1,test
6k-flux-images/1_fake/ComfyUI_07926_.png,1,test
6k-flux-images/1_fake/ComfyUI_07776_.png,1,test
6k-flux-images/1_fake/ComfyUI_13505_.png,1,test
6k-flux-images/1_fake/ComfyUI_07875_.png,1,test
6k-flux-images/1_fake/ComfyUI_13621_.png,1,test
6k-flux-images/1_fake/ComfyUI_07684_.png,1,test
6k-flux-images/1_fake/ComfyUI_10851_.png,1,test
6k-flux-images/1_fake/ComfyUI_13487_.png,1,test
6k-flux-images/1_fake/ComfyUI_09397_.png,1,test
6k-flux-images/1_fake/ComfyUI_11200_.png,1,test
6k-flux-images/1_fake/ComfyUI_13646_.png,1,test
6k-flux-images/1_fake/ComfyUI_09989_.png,1,test
6k-flux-images/1_fake/ComfyUI_10347_.png,1,test
6k-flux-images/1_fake/ComfyUI_11190_.png,1,test
6k-flux-images/1_fake/ComfyUI_08190_.png,1,test
6k-flux-images/1_fake/ComfyUI_09784_.png,1,test
6k-flux-images/1_fake/ComfyUI_11999_.png,1,test
6k-flux-images/1_fake/ComfyUI_12292_.png,1,test
6k-flux-images/1_fake/ComfyUI_11089_.png,1,test
6k-flux-images/1_fake/ComfyUI_10327_.png,1,test
6k-flux-images/1_fake/ComfyUI_08347_.png,1,test
6k-flux-images/1_fake/ComfyUI_08076_.png,1,test
6k-flux-images/1_fake/ComfyUI_11621_.png,1,test
6k-flux-images/1_fake/ComfyUI_10986_.png,1,test
6k-flux-images/1_fake/ComfyUI_11658_.png,1,test
6k-flux-images/1_fake/ComfyUI_11764_.png,1,test
6k-flux-images/1_fake/ComfyUI_08307_.png,1,test
6k-flux-images/1_fake/ComfyUI_09271_.png,1,test
6k-flux-images/1_fake/ComfyUI_09631_.png,1,test
6k-flux-images/1_fake/ComfyUI_07755_.png,1,test
6k-flux-images/1_fake/ComfyUI_08917_.png,1,test
6k-flux-images/1_fake/ComfyUI_12537_.png,1,test
6k-flux-images/1_fake/ComfyUI_08679_.png,1,test
6k-flux-images/1_fake/ComfyUI_13488_.png,1,test
6k-flux-images/1_fake/ComfyUI_13644_.png,1,test
6k-flux-images/1_fake/ComfyUI_13286_.png,1,test
6k-flux-images/1_fake/ComfyUI_11594_.png,1,test
6k-flux-images/1_fake/ComfyUI_08870_.png,1,test
6k-flux-images/1_fake/ComfyUI_09915_.png,1,test
6k-flux-images/1_fake/ComfyUI_13575_.png,1,test
6k-flux-images/1_fake/ComfyUI_12325_.png,1,test
6k-flux-images/1_fake/ComfyUI_11541_.png,1,test
6k-flux-images/1_fake/ComfyUI_10614_.png,1,test
6k-flux-images/1_fake/ComfyUI_11724_.png,1,test
6k-flux-images/1_fake/ComfyUI_07985_.png,1,test
6k-flux-images/1_fake/ComfyUI_12465_.png,1,test
6k-flux-images/1_fake/ComfyUI_09708_.png,1,test
6k-flux-images/1_fake/ComfyUI_10732_.png,1,test
6k-flux-images/1_fake/ComfyUI_10358_.png,1,test
6k-flux-images/1_fake/ComfyUI_09922_.png,1,test
6k-flux-images/1_fake/ComfyUI_11939_.png,1,test
6k-flux-images/1_fake/ComfyUI_11697_.png,1,test
6k-flux-images/1_fake/ComfyUI_08752_.png,1,test
6k-flux-images/1_fake/ComfyUI_11244_.png,1,test
6k-flux-images/1_fake/ComfyUI_08818_.png,1,test
6k-flux-images/1_fake/ComfyUI_12354_.png,1,test
6k-flux-images/1_fake/ComfyUI_12435_.png,1,test
6k-flux-images/1_fake/ComfyUI_09835_.png,1,test
6k-flux-images/1_fake/ComfyUI_13274_.png,1,test
6k-flux-images/1_fake/ComfyUI_12930_.png,1,test
6k-flux-images/1_fake/ComfyUI_11404_.png,1,test
6k-flux-images/1_fake/ComfyUI_13447_.png,1,test
6k-flux-images/1_fake/ComfyUI_09530_.png,1,test
6k-flux-images/1_fake/ComfyUI_07795_.png,1,test
6k-flux-images/1_fake/ComfyUI_10834_.png,1,test
6k-flux-images/1_fake/ComfyUI_07639_.png,1,test
6k-flux-images/1_fake/ComfyUI_12906_.png,1,test
6k-flux-images/1_fake/ComfyUI_12398_.png,1,test
6k-flux-images/1_fake/ComfyUI_10520_.png,1,test
6k-flux-images/1_fake/ComfyUI_13281_.png,1,test
6k-flux-images/1_fake/ComfyUI_11149_.png,1,test
6k-flux-images/1_fake/ComfyUI_13565_.png,1,test
6k-flux-images/1_fake/ComfyUI_13499_.png,1,test
6k-flux-images/1_fake/ComfyUI_11694_.png,1,test
6k-flux-images/1_fake/ComfyUI_09034_.png,1,test
6k-flux-images/1_fake/ComfyUI_13277_.png,1,test
6k-flux-images/1_fake/ComfyUI_11050_.png,1,test
6k-flux-images/1_fake/ComfyUI_09938_.png,1,test
6k-flux-images/1_fake/ComfyUI_10311_.png,1,test
6k-flux-images/1_fake/ComfyUI_07527_.png,1,test
6k-flux-images/1_fake/ComfyUI_08899_.png,1,test
6k-flux-images/1_fake/ComfyUI_09612_.png,1,test
6k-flux-images/1_fake/ComfyUI_07812_.png,1,test
6k-flux-images/1_fake/ComfyUI_07976_.png,1,test
6k-flux-images/1_fake/ComfyUI_12015_.png,1,test
6k-flux-images/1_fake/ComfyUI_07520_.png,1,test
6k-flux-images/1_fake/ComfyUI_09040_.png,1,test
6k-flux-images/1_fake/ComfyUI_08864_.png,1,test
6k-flux-images/1_fake/ComfyUI_10737_.png,1,test
6k-flux-images/1_fake/ComfyUI_13674_.png,1,test
6k-flux-images/1_fake/ComfyUI_08362_.png,1,test
6k-flux-images/1_fake/ComfyUI_13660_.png,1,test
6k-flux-images/1_fake/ComfyUI_12429_.png,1,test
6k-flux-images/1_fake/ComfyUI_13592_.png,1,test
6k-flux-images/1_fake/ComfyUI_08885_.png,1,test
6k-flux-images/1_fake/ComfyUI_08135_.png,1,test
6k-flux-images/1_fake/ComfyUI_09619_.png,1,test
6k-flux-images/1_fake/ComfyUI_11949_.png,1,test
6k-flux-images/1_fake/ComfyUI_10930_.png,1,test
6k-flux-images/1_fake/ComfyUI_08496_.png,1,test
6k-flux-images/1_fake/ComfyUI_11002_.png,1,test
6k-flux-images/1_fake/ComfyUI_08604_.png,1,test
6k-flux-images/1_fake/ComfyUI_10394_.png,1,test
6k-flux-images/1_fake/ComfyUI_10997_.png,1,test
6k-flux-images/1_fake/ComfyUI_12187_.png,1,test
6k-flux-images/1_fake/ComfyUI_11973_.png,1,test
6k-flux-images/1_fake/ComfyUI_12804_.png,1,test
6k-flux-images/1_fake/ComfyUI_10270_.png,1,test
6k-flux-images/1_fake/ComfyUI_11436_.png,1,test
6k-flux-images/1_fake/ComfyUI_11435_.png,1,test
6k-flux-images/1_fake/ComfyUI_09577_.png,1,test
6k-flux-images/1_fake/ComfyUI_09918_.png,1,test
6k-flux-images/1_fake/ComfyUI_11911_.png,1,test
6k-flux-images/1_fake/ComfyUI_08299_.png,1,test
6k-flux-images/1_fake/ComfyUI_11966_.png,1,test
6k-flux-images/1_fake/ComfyUI_13329_.png,1,test
6k-flux-images/1_fake/ComfyUI_09552_.png,1,test
6k-flux-images/1_fake/ComfyUI_12611_.png,1,test
6k-flux-images/1_fake/ComfyUI_10492_.png,1,test
6k-flux-images/1_fake/ComfyUI_09595_.png,1,test
6k-flux-images/1_fake/ComfyUI_13327_.png,1,test
6k-flux-images/1_fake/ComfyUI_11611_.png,1,test
6k-flux-images/1_fake/ComfyUI_11562_.png,1,test
6k-flux-images/1_fake/ComfyUI_11763_.png,1,test
6k-flux-images/1_fake/ComfyUI_13186_.png,1,test
6k-flux-images/1_fake/ComfyUI_10392_.png,1,test
6k-flux-images/1_fake/ComfyUI_12730_.png,1,test
6k-flux-images/1_fake/ComfyUI_09492_.png,1,test
6k-flux-images/1_fake/ComfyUI_08423_.png,1,test
6k-flux-images/1_fake/ComfyUI_09567_.png,1,test
6k-flux-images/1_fake/ComfyUI_11242_.png,1,test
6k-flux-images/1_fake/ComfyUI_08134_.png,1,test
6k-flux-images/1_fake/ComfyUI_11854_.png,1,test
6k-flux-images/1_fake/ComfyUI_07801_.png,1,test
6k-flux-images/1_fake/ComfyUI_12082_.png,1,test
6k-flux-images/1_fake/ComfyUI_08048_.png,1,test
6k-flux-images/1_fake/ComfyUI_12855_.png,1,test
6k-flux-images/1_fake/ComfyUI_12934_.png,1,test
6k-flux-images/1_fake/ComfyUI_10903_.png,1,test
6k-flux-images/1_fake/ComfyUI_07791_.png,1,test
6k-flux-images/1_fake/ComfyUI_11045_.png,1,test
6k-flux-images/1_fake/ComfyUI_09913_.png,1,test
6k-flux-images/1_fake/ComfyUI_10440_.png,1,test
6k-flux-images/1_fake/ComfyUI_13441_.png,1,test
6k-flux-images/1_fake/ComfyUI_13635_.png,1,test
6k-flux-images/1_fake/ComfyUI_11830_.png,1,test
6k-flux-images/1_fake/ComfyUI_11329_.png,1,test
6k-flux-images/1_fake/ComfyUI_11941_.png,1,test
6k-flux-images/1_fake/ComfyUI_09432_.png,1,test
6k-flux-images/1_fake/ComfyUI_13400_.png,1,test
6k-flux-images/1_fake/ComfyUI_10382_.png,1,test
6k-flux-images/1_fake/ComfyUI_07757_.png,1,test
6k-flux-images/1_fake/ComfyUI_13154_.png,1,test
6k-flux-images/1_fake/ComfyUI_10751_.png,1,test
6k-flux-images/1_fake/ComfyUI_13078_.png,1,test
6k-flux-images/1_fake/ComfyUI_08611_.png,1,test
6k-flux-images/1_fake/ComfyUI_13042_.png,1,test
6k-flux-images/1_fake/ComfyUI_11953_.png,1,test
6k-flux-images/1_fake/ComfyUI_13662_.png,1,test
6k-flux-images/1_fake/ComfyUI_11252_.png,1,test
6k-flux-images/1_fake/ComfyUI_10988_.png,1,test
6k-flux-images/1_fake/ComfyUI_10545_.png,1,test
6k-flux-images/1_fake/ComfyUI_13361_.png,1,test
6k-flux-images/1_fake/ComfyUI_11638_.png,1,test
6k-flux-images/1_fake/ComfyUI_07803_.png,1,test
6k-flux-images/1_fake/ComfyUI_12833_.png,1,test
6k-flux-images/1_fake/ComfyUI_08510_.png,1,test
6k-flux-images/1_fake/ComfyUI_08432_.png,1,test
6k-flux-images/1_fake/ComfyUI_12516_.png,1,test
6k-flux-images/1_fake/ComfyUI_11246_.png,1,test
6k-flux-images/1_fake/ComfyUI_11512_.png,1,test
6k-flux-images/1_fake/ComfyUI_12350_.png,1,test
6k-flux-images/1_fake/ComfyUI_09486_.png,1,test
6k-flux-images/1_fake/ComfyUI_13507_.png,1,test
6k-flux-images/1_fake/ComfyUI_08237_.png,1,test
6k-flux-images/1_fake/ComfyUI_12476_.png,1,test
6k-flux-images/1_fake/ComfyUI_12270_.png,1,test
6k-flux-images/1_fake/ComfyUI_10702_.png,1,test
6k-flux-images/1_fake/ComfyUI_08221_.png,1,test
6k-flux-images/1_fake/ComfyUI_13167_.png,1,test
6k-flux-images/1_fake/ComfyUI_13311_.png,1,test
6k-flux-images/1_fake/ComfyUI_11794_.png,1,test
6k-flux-images/1_fake/ComfyUI_09935_.png,1,test
6k-flux-images/1_fake/ComfyUI_09616_.png,1,test
6k-flux-images/1_fake/ComfyUI_08323_.png,1,test
6k-flux-images/1_fake/ComfyUI_12651_.png,1,test
6k-flux-images/1_fake/ComfyUI_12747_.png,1,test
6k-flux-images/1_fake/ComfyUI_13055_.png,1,test
6k-flux-images/1_fake/ComfyUI_13630_.png,1,test
6k-flux-images/1_fake/ComfyUI_11659_.png,1,test
6k-flux-images/1_fake/ComfyUI_08561_.png,1,test
6k-flux-images/1_fake/ComfyUI_13234_.png,1,test
6k-flux-images/1_fake/ComfyUI_07835_.png,1,test
6k-flux-images/1_fake/ComfyUI_09792_.png,1,test
6k-flux-images/1_fake/ComfyUI_11116_.png,1,test
6k-flux-images/1_fake/ComfyUI_08387_.png,1,test
6k-flux-images/1_fake/ComfyUI_10992_.png,1,test
6k-flux-images/1_fake/ComfyUI_11331_.png,1,test
6k-flux-images/1_fake/ComfyUI_12968_.png,1,test
6k-flux-images/1_fake/ComfyUI_11301_.png,1,test
6k-flux-images/1_fake/ComfyUI_08952_.png,1,test
6k-flux-images/1_fake/ComfyUI_11391_.png,1,test
6k-flux-images/1_fake/ComfyUI_12752_.png,1,test
6k-flux-images/1_fake/ComfyUI_09005_.png,1,test
6k-flux-images/1_fake/ComfyUI_07750_.png,1,test
6k-flux-images/1_fake/ComfyUI_09268_.png,1,test
6k-flux-images/1_fake/ComfyUI_10566_.png,1,test
6k-flux-images/1_fake/ComfyUI_10540_.png,1,test
6k-flux-images/1_fake/ComfyUI_08171_.png,1,test
6k-flux-images/1_fake/ComfyUI_08115_.png,1,test
6k-flux-images/1_fake/ComfyUI_11031_.png,1,test
6k-flux-images/1_fake/ComfyUI_09000_.png,1,test
6k-flux-images/1_fake/ComfyUI_08979_.png,1,test
6k-flux-images/1_fake/ComfyUI_08806_.png,1,test
6k-flux-images/1_fake/ComfyUI_09493_.png,1,test
6k-flux-images/1_fake/ComfyUI_08482_.png,1,test
6k-flux-images/1_fake/ComfyUI_13184_.png,1,test
6k-flux-images/1_fake/ComfyUI_12311_.png,1,test
6k-flux-images/1_fake/ComfyUI_12645_.png,1,test
6k-flux-images/1_fake/ComfyUI_13201_.png,1,test
6k-flux-images/1_fake/ComfyUI_08793_.png,1,test
6k-flux-images/1_fake/ComfyUI_13523_.png,1,test
6k-flux-images/1_fake/ComfyUI_08813_.png,1,test
6k-flux-images/1_fake/ComfyUI_13755_.png,1,test
6k-flux-images/1_fake/ComfyUI_11147_.png,1,test
6k-flux-images/1_fake/ComfyUI_09591_.png,1,test
6k-flux-images/1_fake/ComfyUI_12883_.png,1,test
6k-flux-images/1_fake/ComfyUI_12763_.png,1,test
6k-flux-images/1_fake/ComfyUI_12872_.png,1,test
6k-flux-images/1_fake/ComfyUI_12564_.png,1,test
6k-flux-images/1_fake/ComfyUI_13025_.png,1,test
6k-flux-images/1_fake/ComfyUI_13034_.png,1,test
6k-flux-images/1_fake/ComfyUI_09388_.png,1,test
6k-flux-images/1_fake/ComfyUI_07621_.png,1,test
6k-flux-images/1_fake/ComfyUI_12022_.png,1,test
6k-flux-images/1_fake/ComfyUI_11728_.png,1,test
6k-flux-images/1_fake/ComfyUI_13719_.png,1,test
6k-flux-images/1_fake/ComfyUI_07569_.png,1,test
6k-flux-images/1_fake/ComfyUI_11712_.png,1,test
6k-flux-images/1_fake/ComfyUI_09478_.png,1,test
6k-flux-images/1_fake/ComfyUI_10844_.png,1,test
6k-flux-images/1_fake/ComfyUI_09417_.png,1,test
6k-flux-images/1_fake/ComfyUI_08826_.png,1,test
6k-flux-images/1_fake/ComfyUI_10597_.png,1,test
6k-flux-images/1_fake/ComfyUI_09874_.png,1,test
6k-flux-images/1_fake/ComfyUI_12315_.png,1,test
6k-flux-images/1_fake/ComfyUI_09576_.png,1,test
6k-flux-images/1_fake/ComfyUI_12329_.png,1,test
6k-flux-images/1_fake/ComfyUI_08808_.png,1,test
6k-flux-images/1_fake/ComfyUI_07880_.png,1,test
6k-flux-images/1_fake/ComfyUI_12937_.png,1,test
6k-flux-images/1_fake/ComfyUI_07814_.png,1,test
6k-flux-images/1_fake/ComfyUI_08563_.png,1,test
6k-flux-images/1_fake/ComfyUI_13501_.png,1,test
6k-flux-images/1_fake/ComfyUI_13033_.png,1,test
6k-flux-images/1_fake/ComfyUI_11353_.png,1,test
6k-flux-images/1_fake/ComfyUI_10826_.png,1,test
6k-flux-images/1_fake/ComfyUI_07713_.png,1,test
6k-flux-images/1_fake/ComfyUI_08386_.png,1,test
6k-flux-images/1_fake/ComfyUI_12993_.png,1,test
6k-flux-images/1_fake/ComfyUI_11758_.png,1,test
6k-flux-images/1_fake/ComfyUI_11078_.png,1,test
6k-flux-images/1_fake/ComfyUI_12871_.png,1,test
6k-flux-images/1_fake/ComfyUI_08982_.png,1,test
6k-flux-images/1_fake/ComfyUI_08902_.png,1,test
6k-flux-images/1_fake/ComfyUI_07954_.png,1,test
6k-flux-images/1_fake/ComfyUI_13070_.png,1,test
6k-flux-images/1_fake/ComfyUI_13413_.png,1,test
6k-flux-images/1_fake/ComfyUI_10693_.png,1,test
6k-flux-images/1_fake/ComfyUI_08857_.png,1,test
6k-flux-images/1_fake/ComfyUI_10878_.png,1,test
6k-flux-images/1_fake/ComfyUI_08555_.png,1,test
6k-flux-images/1_fake/ComfyUI_12174_.png,1,test
6k-flux-images/1_fake/ComfyUI_09932_.png,1,test
6k-flux-images/1_fake/ComfyUI_12049_.png,1,test
6k-flux-images/1_fake/ComfyUI_12133_.png,1,test
6k-flux-images/1_fake/ComfyUI_11832_.png,1,test
6k-flux-images/1_fake/ComfyUI_11730_.png,1,test
6k-flux-images/1_fake/ComfyUI_12071_.png,1,test
6k-flux-images/1_fake/ComfyUI_12803_.png,1,test
6k-flux-images/1_fake/ComfyUI_09513_.png,1,test
6k-flux-images/1_fake/ComfyUI_09995_.png,1,test
6k-flux-images/1_fake/ComfyUI_11037_.png,1,test
6k-flux-images/1_fake/ComfyUI_13190_.png,1,test
6k-flux-images/1_fake/ComfyUI_13228_.png,1,test
6k-flux-images/1_fake/ComfyUI_10761_.png,1,test
6k-flux-images/1_fake/ComfyUI_10318_.png,1,test
6k-flux-images/1_fake/ComfyUI_13097_.png,1,test
6k-flux-images/1_fake/ComfyUI_13089_.png,1,test
6k-flux-images/1_fake/ComfyUI_07510_.png,1,test
6k-flux-images/1_fake/ComfyUI_13266_.png,1,test
6k-flux-images/1_fake/ComfyUI_07738_.png,1,test
6k-flux-images/1_fake/ComfyUI_12328_.png,1,test
6k-flux-images/1_fake/ComfyUI_12721_.png,1,test
6k-flux-images/1_fake/ComfyUI_09506_.png,1,test
6k-flux-images/1_fake/ComfyUI_09043_.png,1,test
6k-flux-images/1_fake/ComfyUI_09580_.png,1,test
6k-flux-images/1_fake/ComfyUI_08694_.png,1,test
6k-flux-images/1_fake/ComfyUI_13081_.png,1,test
6k-flux-images/1_fake/ComfyUI_13471_.png,1,test
6k-flux-images/1_fake/ComfyUI_09080_.png,1,test
6k-flux-images/1_fake/ComfyUI_09726_.png,1,test
6k-flux-images/1_fake/ComfyUI_09825_.png,1,test
6k-flux-images/1_fake/ComfyUI_13392_.png,1,test
6k-flux-images/1_fake/ComfyUI_11788_.png,1,test
6k-flux-images/1_fake/ComfyUI_09877_.png,1,test
6k-flux-images/1_fake/ComfyUI_10495_.png,1,test
6k-flux-images/1_fake/ComfyUI_10288_.png,1,test
6k-flux-images/1_fake/ComfyUI_07703_.png,1,test
6k-flux-images/1_fake/ComfyUI_08558_.png,1,test
6k-flux-images/1_fake/ComfyUI_08464_.png,1,test
6k-flux-images/1_fake/ComfyUI_13613_.png,1,test
6k-flux-images/1_fake/ComfyUI_08093_.png,1,test
6k-flux-images/1_fake/ComfyUI_12067_.png,1,test
6k-flux-images/1_fake/ComfyUI_12161_.png,1,test
6k-flux-images/1_fake/ComfyUI_09703_.png,1,test
6k-flux-images/1_fake/ComfyUI_09963_.png,1,test
6k-flux-images/1_fake/ComfyUI_13741_.png,1,test
6k-flux-images/1_fake/ComfyUI_10821_.png,1,test
6k-flux-images/1_fake/ComfyUI_07515_.png,1,test
6k-flux-images/1_fake/ComfyUI_11950_.png,1,test
6k-flux-images/1_fake/ComfyUI_12757_.png,1,test
6k-flux-images/1_fake/ComfyUI_12749_.png,1,test
6k-flux-images/1_fake/ComfyUI_10555_.png,1,test
6k-flux-images/1_fake/ComfyUI_12686_.png,1,test
6k-flux-images/1_fake/ComfyUI_12790_.png,1,test
6k-flux-images/1_fake/ComfyUI_11528_.png,1,test
6k-flux-images/1_fake/ComfyUI_08165_.png,1,test
6k-flux-images/1_fake/ComfyUI_07822_.png,1,test
6k-flux-images/1_fake/ComfyUI_11195_.png,1,test
6k-flux-images/1_fake/ComfyUI_10665_.png,1,test
6k-flux-images/1_fake/ComfyUI_09068_.png,1,test
6k-flux-images/1_fake/ComfyUI_12945_.png,1,test
6k-flux-images/1_fake/ComfyUI_08702_.png,1,test
6k-flux-images/1_fake/ComfyUI_12262_.png,1,test
6k-flux-images/1_fake/ComfyUI_11394_.png,1,test
6k-flux-images/1_fake/ComfyUI_11725_.png,1,test
6k-flux-images/1_fake/ComfyUI_11083_.png,1,test
6k-flux-images/1_fake/ComfyUI_11991_.png,1,test
6k-flux-images/1_fake/ComfyUI_10390_.png,1,test
6k-flux-images/1_fake/ComfyUI_13239_.png,1,test
6k-flux-images/1_fake/ComfyUI_10345_.png,1,test
6k-flux-images/1_fake/ComfyUI_10542_.png,1,test
6k-flux-images/1_fake/ComfyUI_08906_.png,1,test
6k-flux-images/1_fake/ComfyUI_09500_.png,1,test
6k-flux-images/1_fake/ComfyUI_10947_.png,1,test
6k-flux-images/1_fake/ComfyUI_07512_.png,1,test
6k-flux-images/1_fake/ComfyUI_08106_.png,1,test
6k-flux-images/1_fake/ComfyUI_13137_.png,1,test
6k-flux-images/1_fake/ComfyUI_07505_.png,1,test
6k-flux-images/1_fake/ComfyUI_12285_.png,1,test
6k-flux-images/1_fake/ComfyUI_11585_.png,1,test
6k-flux-images/1_fake/ComfyUI_13556_.png,1,test
6k-flux-images/1_fake/ComfyUI_10581_.png,1,test
6k-flux-images/1_fake/ComfyUI_11296_.png,1,test
6k-flux-images/1_fake/ComfyUI_12087_.png,1,test
6k-flux-images/1_fake/ComfyUI_09018_.png,1,test
6k-flux-images/1_fake/ComfyUI_09761_.png,1,test
6k-flux-images/1_fake/ComfyUI_12513_.png,1,test
6k-flux-images/1_fake/ComfyUI_13597_.png,1,test
6k-flux-images/1_fake/ComfyUI_10803_.png,1,test
6k-flux-images/1_fake/ComfyUI_08915_.png,1,test
6k-flux-images/1_fake/ComfyUI_07830_.png,1,test
6k-flux-images/1_fake/ComfyUI_12338_.png,1,test
6k-flux-images/1_fake/ComfyUI_08080_.png,1,test
6k-flux-images/1_fake/ComfyUI_07888_.png,1,test
6k-flux-images/1_fake/ComfyUI_10765_.png,1,test
6k-flux-images/1_fake/ComfyUI_13721_.png,1,test
6k-flux-images/1_fake/ComfyUI_08882_.png,1,test
6k-flux-images/1_fake/ComfyUI_12363_.png,1,test
6k-flux-images/1_fake/ComfyUI_10700_.png,1,test
6k-flux-images/1_fake/ComfyUI_12530_.png,1,test
6k-flux-images/1_fake/ComfyUI_10580_.png,1,test
6k-flux-images/1_fake/ComfyUI_12493_.png,1,test
6k-flux-images/1_fake/ComfyUI_13205_.png,1,test
6k-flux-images/1_fake/ComfyUI_13640_.png,1,test
6k-flux-images/1_fake/ComfyUI_10898_.png,1,test
6k-flux-images/1_fake/ComfyUI_09291_.png,1,test
6k-flux-images/1_fake/ComfyUI_08919_.png,1,test
6k-flux-images/1_fake/ComfyUI_11978_.png,1,test
6k-flux-images/1_fake/ComfyUI_10552_.png,1,test
6k-flux-images/1_fake/ComfyUI_13513_.png,1,test
6k-flux-images/1_fake/ComfyUI_11565_.png,1,test
6k-flux-images/1_fake/ComfyUI_07725_.png,1,test
6k-flux-images/1_fake/ComfyUI_08333_.png,1,test
6k-flux-images/1_fake/ComfyUI_13558_.png,1,test
6k-flux-images/1_fake/ComfyUI_07709_.png,1,test
6k-flux-images/1_fake/ComfyUI_09372_.png,1,test
6k-flux-images/1_fake/ComfyUI_09461_.png,1,test
6k-flux-images/1_fake/ComfyUI_11444_.png,1,test
6k-flux-images/1_fake/ComfyUI_12899_.png,1,test
6k-flux-images/1_fake/ComfyUI_13557_.png,1,test
6k-flux-images/1_fake/ComfyUI_09281_.png,1,test
6k-flux-images/1_fake/ComfyUI_10469_.png,1,test
6k-flux-images/1_fake/ComfyUI_09733_.png,1,test
6k-flux-images/1_fake/ComfyUI_13012_.png,1,test
6k-flux-images/1_fake/ComfyUI_12818_.png,1,test
6k-flux-images/1_fake/ComfyUI_08172_.png,1,test
6k-flux-images/1_fake/ComfyUI_09172_.png,1,test
6k-flux-images/1_fake/ComfyUI_12287_.png,1,test
6k-flux-images/1_fake/ComfyUI_08388_.png,1,test
6k-flux-images/1_fake/ComfyUI_09203_.png,1,test
6k-flux-images/1_fake/ComfyUI_08935_.png,1,test
6k-flux-images/1_fake/ComfyUI_08015_.png,1,test
6k-flux-images/1_fake/ComfyUI_10963_.png,1,test
6k-flux-images/1_fake/ComfyUI_10278_.png,1,test
6k-flux-images/1_fake/ComfyUI_12473_.png,1,test
6k-flux-images/1_fake/ComfyUI_12191_.png,1,test
6k-flux-images/1_fake/ComfyUI_09198_.png,1,test
6k-flux-images/1_fake/ComfyUI_13536_.png,1,test
6k-flux-images/1_fake/ComfyUI_12207_.png,1,test
6k-flux-images/1_fake/ComfyUI_08976_.png,1,test
6k-flux-images/1_fake/ComfyUI_11090_.png,1,test
6k-flux-images/1_fake/ComfyUI_10729_.png,1,test
6k-flux-images/1_fake/ComfyUI_10462_.png,1,test
6k-flux-images/1_fake/ComfyUI_13459_.png,1,test
6k-flux-images/1_fake/ComfyUI_08163_.png,1,test
6k-flux-images/1_fake/ComfyUI_12717_.png,1,test
6k-flux-images/1_fake/ComfyUI_12799_.png,1,test
6k-flux-images/1_fake/ComfyUI_11146_.png,1,test
6k-flux-images/1_fake/ComfyUI_11800_.png,1,test
6k-flux-images/1_fake/ComfyUI_11352_.png,1,test
6k-flux-images/1_fake/ComfyUI_08419_.png,1,test
6k-flux-images/1_fake/ComfyUI_08801_.png,1,test
6k-flux-images/1_fake/ComfyUI_12165_.png,1,test
6k-flux-images/1_fake/ComfyUI_11651_.png,1,test
6k-flux-images/1_fake/ComfyUI_12670_.png,1,test
6k-flux-images/1_fake/ComfyUI_13181_.png,1,test
6k-flux-images/1_fake/ComfyUI_13013_.png,1,test
6k-flux-images/1_fake/ComfyUI_12929_.png,1,test
6k-flux-images/1_fake/ComfyUI_09788_.png,1,test
6k-flux-images/1_fake/ComfyUI_10484_.png,1,test
6k-flux-images/1_fake/ComfyUI_13225_.png,1,test
6k-flux-images/1_fake/ComfyUI_08577_.png,1,test
6k-flux-images/1_fake/ComfyUI_09582_.png,1,test
6k-flux-images/1_fake/ComfyUI_08774_.png,1,test
6k-flux-images/1_fake/ComfyUI_12606_.png,1,test
6k-flux-images/1_fake/ComfyUI_08484_.png,1,test
6k-flux-images/1_fake/ComfyUI_08224_.png,1,test
6k-flux-images/1_fake/ComfyUI_10810_.png,1,test
6k-flux-images/1_fake/ComfyUI_11869_.png,1,test
6k-flux-images/1_fake/ComfyUI_09470_.png,1,test
6k-flux-images/1_fake/ComfyUI_09390_.png,1,test
6k-flux-images/1_fake/ComfyUI_11631_.png,1,test
6k-flux-images/1_fake/ComfyUI_11539_.png,1,test
6k-flux-images/1_fake/ComfyUI_11248_.png,1,test
6k-flux-images/1_fake/ComfyUI_12870_.png,1,test
6k-flux-images/1_fake/ComfyUI_12750_.png,1,test
6k-flux-images/1_fake/ComfyUI_11138_.png,1,test
6k-flux-images/1_fake/ComfyUI_10703_.png,1,test
6k-flux-images/1_fake/ComfyUI_11916_.png,1,test
6k-flux-images/1_fake/ComfyUI_09084_.png,1,test
6k-flux-images/1_fake/ComfyUI_09807_.png,1,test
6k-flux-images/1_fake/ComfyUI_13451_.png,1,test
6k-flux-images/1_fake/ComfyUI_09427_.png,1,test
6k-flux-images/1_fake/ComfyUI_09840_.png,1,test
6k-flux-images/1_fake/ComfyUI_13235_.png,1,test
6k-flux-images/1_fake/ComfyUI_08593_.png,1,test
6k-flux-images/1_fake/ComfyUI_11132_.png,1,test
6k-flux-images/1_fake/ComfyUI_10004_.png,1,test
6k-flux-images/1_fake/ComfyUI_12630_.png,1,test
6k-flux-images/1_fake/ComfyUI_11849_.png,1,test
6k-flux-images/1_fake/ComfyUI_10016_.png,1,test
6k-flux-images/1_fake/ComfyUI_11627_.png,1,test
6k-flux-images/1_fake/ComfyUI_13335_.png,1,test
6k-flux-images/1_fake/ComfyUI_09027_.png,1,test
6k-flux-images/1_fake/ComfyUI_11703_.png,1,test
6k-flux-images/1_fake/ComfyUI_12699_.png,1,test
6k-flux-images/1_fake/ComfyUI_10399_.png,1,test
6k-flux-images/1_fake/ComfyUI_13223_.png,1,test
6k-flux-images/1_fake/ComfyUI_12405_.png,1,test
6k-flux-images/1_fake/ComfyUI_10031_.png,1,test
6k-flux-images/1_fake/ComfyUI_09977_.png,1,test
6k-flux-images/1_fake/ComfyUI_11178_.png,1,test
6k-flux-images/1_fake/ComfyUI_08269_.png,1,test
6k-flux-images/1_fake/ComfyUI_08809_.png,1,test
6k-flux-images/1_fake/ComfyUI_09336_.png,1,test
6k-flux-images/1_fake/ComfyUI_12882_.png,1,test
6k-flux-images/1_fake/ComfyUI_13689_.png,1,test
6k-flux-images/1_fake/ComfyUI_11811_.png,1,test
6k-flux-images/1_fake/ComfyUI_08805_.png,1,test
6k-flux-images/1_fake/ComfyUI_09489_.png,1,test
6k-flux-images/1_fake/ComfyUI_09869_.png,1,test
6k-flux-images/1_fake/ComfyUI_13260_.png,1,test
6k-flux-images/1_fake/ComfyUI_08278_.png,1,test
6k-flux-images/1_fake/ComfyUI_09048_.png,1,test
6k-flux-images/1_fake/ComfyUI_12694_.png,1,test
6k-flux-images/1_fake/ComfyUI_10901_.png,1,test
6k-flux-images/1_fake/ComfyUI_11350_.png,1,test
6k-flux-images/1_fake/ComfyUI_07492_.png,1,test
6k-flux-images/1_fake/ComfyUI_08632_.png,1,test
6k-flux-images/1_fake/ComfyUI_09366_.png,1,test
6k-flux-images/1_fake/ComfyUI_08625_.png,1,test
6k-flux-images/1_fake/ComfyUI_11824_.png,1,test
6k-flux-images/1_fake/ComfyUI_12657_.png,1,test
6k-flux-images/1_fake/ComfyUI_11173_.png,1,test
6k-flux-images/1_fake/ComfyUI_11866_.png,1,test
6k-flux-images/1_fake/ComfyUI_08289_.png,1,test
6k-flux-images/1_fake/ComfyUI_11535_.png,1,test
6k-flux-images/1_fake/ComfyUI_10658_.png,1,test
6k-flux-images/1_fake/ComfyUI_10893_.png,1,test
6k-flux-images/1_fake/ComfyUI_09976_.png,1,test
6k-flux-images/1_fake/ComfyUI_07960_.png,1,test
6k-flux-images/1_fake/ComfyUI_07962_.png,1,test
6k-flux-images/1_fake/ComfyUI_12271_.png,1,test
6k-flux-images/1_fake/ComfyUI_10909_.png,1,test
6k-flux-images/1_fake/ComfyUI_08973_.png,1,test
6k-flux-images/1_fake/ComfyUI_09535_.png,1,test
6k-flux-images/1_fake/ComfyUI_12100_.png,1,test
6k-flux-images/1_fake/ComfyUI_11470_.png,1,test
6k-flux-images/1_fake/ComfyUI_07947_.png,1,test
6k-flux-images/1_fake/ComfyUI_08592_.png,1,test
6k-flux-images/1_fake/ComfyUI_12671_.png,1,test
6k-flux-images/1_fake/ComfyUI_10831_.png,1,test
6k-flux-images/1_fake/ComfyUI_10376_.png,1,test
6k-flux-images/1_fake/ComfyUI_12865_.png,1,test
6k-flux-images/1_fake/ComfyUI_11250_.png,1,test
6k-flux-images/1_fake/ComfyUI_09750_.png,1,test
6k-flux-images/1_fake/ComfyUI_08974_.png,1,test
6k-flux-images/1_fake/ComfyUI_10418_.png,1,test
6k-flux-images/1_fake/ComfyUI_12518_.png,1,test
6k-flux-images/1_fake/ComfyUI_09705_.png,1,test
6k-flux-images/1_fake/ComfyUI_12923_.png,1,test
6k-flux-images/1_fake/ComfyUI_08656_.png,1,test
6k-flux-images/1_fake/ComfyUI_11274_.png,1,test
6k-flux-images/1_fake/ComfyUI_08944_.png,1,test
6k-flux-images/1_fake/ComfyUI_12196_.png,1,test
6k-flux-images/1_fake/ComfyUI_08099_.png,1,test
6k-flux-images/1_fake/ComfyUI_11448_.png,1,test
6k-flux-images/1_fake/ComfyUI_08120_.png,1,test
6k-flux-images/1_fake/ComfyUI_12413_.png,1,test
6k-flux-images/1_fake/ComfyUI_07999_.png,1,test
6k-flux-images/1_fake/ComfyUI_08738_.png,1,test
6k-flux-images/1_fake/ComfyUI_12107_.png,1,test
6k-flux-images/1_fake/ComfyUI_08352_.png,1,test
6k-flux-images/1_fake/ComfyUI_13643_.png,1,test
6k-flux-images/1_fake/ComfyUI_11109_.png,1,test
6k-flux-images/1_fake/ComfyUI_11956_.png,1,test
6k-flux-images/1_fake/ComfyUI_10551_.png,1,test
6k-flux-images/1_fake/ComfyUI_12036_.png,1,test
6k-flux-images/1_fake/ComfyUI_08690_.png,1,test
6k-flux-images/1_fake/ComfyUI_09451_.png,1,test
6k-flux-images/1_fake/ComfyUI_09718_.png,1,test
6k-flux-images/1_fake/ComfyUI_10480_.png,1,test
6k-flux-images/1_fake/ComfyUI_08349_.png,1,test
6k-flux-images/1_fake/ComfyUI_10902_.png,1,test
6k-flux-images/1_fake/ComfyUI_09485_.png,1,test
6k-flux-images/1_fake/ComfyUI_07653_.png,1,test
6k-flux-images/1_fake/ComfyUI_13609_.png,1,test
6k-flux-images/1_fake/ComfyUI_13675_.png,1,test
6k-flux-images/1_fake/ComfyUI_10000_.png,1,test
6k-flux-images/1_fake/ComfyUI_11668_.png,1,test
6k-flux-images/1_fake/ComfyUI_09804_.png,1,test
6k-flux-images/1_fake/ComfyUI_11798_.png,1,test
6k-flux-images/1_fake/ComfyUI_09671_.png,1,test
6k-flux-images/1_fake/ComfyUI_11013_.png,1,test
6k-flux-images/1_fake/ComfyUI_10619_.png,1,test
6k-flux-images/1_fake/ComfyUI_09646_.png,1,test
6k-flux-images/1_fake/ComfyUI_09650_.png,1,test
6k-flux-images/1_fake/ComfyUI_08501_.png,1,test
6k-flux-images/1_fake/ComfyUI_12497_.png,1,test
6k-flux-images/1_fake/ComfyUI_07810_.png,1,test
6k-flux-images/1_fake/ComfyUI_13113_.png,1,test
6k-flux-images/1_fake/ComfyUI_09941_.png,1,test
6k-flux-images/1_fake/ComfyUI_11439_.png,1,test
6k-flux-images/1_fake/ComfyUI_11463_.png,1,test
6k-flux-images/1_fake/ComfyUI_13580_.png,1,test
6k-flux-images/1_fake/ComfyUI_08259_.png,1,test
6k-flux-images/1_fake/ComfyUI_07994_.png,1,test
6k-flux-images/1_fake/ComfyUI_10970_.png,1,test
6k-flux-images/1_fake/ComfyUI_09190_.png,1,test
6k-flux-images/1_fake/ComfyUI_07838_.png,1,test
6k-flux-images/1_fake/ComfyUI_09071_.png,1,test
6k-flux-images/1_fake/ComfyUI_08609_.png,1,test
6k-flux-images/1_fake/ComfyUI_11079_.png,1,test
6k-flux-images/1_fake/ComfyUI_08721_.png,1,test
6k-flux-images/1_fake/ComfyUI_09985_.png,1,test
6k-flux-images/1_fake/ComfyUI_12674_.png,1,test
6k-flux-images/1_fake/ComfyUI_12652_.png,1,test
6k-flux-images/1_fake/ComfyUI_11042_.png,1,test
6k-flux-images/1_fake/ComfyUI_09455_.png,1,test
6k-flux-images/1_fake/ComfyUI_13160_.png,1,test
6k-flux-images/1_fake/ComfyUI_07574_.png,1,test
6k-flux-images/1_fake/ComfyUI_13589_.png,1,test
6k-flux-images/1_fake/ComfyUI_12781_.png,1,test
6k-flux-images/1_fake/ComfyUI_13213_.png,1,test
6k-flux-images/1_fake/ComfyUI_08059_.png,1,test
6k-flux-images/1_fake/ComfyUI_08157_.png,1,test
6k-flux-images/1_fake/ComfyUI_11111_.png,1,test
6k-flux-images/1_fake/ComfyUI_11912_.png,1,test
6k-flux-images/1_fake/ComfyUI_11847_.png,1,test
6k-flux-images/1_fake/ComfyUI_10460_.png,1,test
6k-flux-images/1_fake/ComfyUI_13197_.png,1,test
6k-flux-images/1_fake/ComfyUI_08036_.png,1,test
6k-flux-images/1_fake/ComfyUI_09180_.png,1,test
6k-flux-images/1_fake/ComfyUI_09982_.png,1,test
6k-flux-images/1_fake/ComfyUI_12219_.png,1,test
6k-flux-images/1_fake/ComfyUI_11818_.png,1,test
6k-flux-images/1_fake/ComfyUI_12558_.png,1,test
6k-flux-images/1_fake/ComfyUI_10710_.png,1,test
6k-flux-images/1_fake/ComfyUI_08699_.png,1,test
6k-flux-images/1_fake/ComfyUI_09999_.png,1,test
6k-flux-images/1_fake/ComfyUI_13715_.png,1,test
6k-flux-images/1_fake/ComfyUI_08150_.png,1,test
6k-flux-images/1_fake/ComfyUI_11609_.png,1,test
6k-flux-images/1_fake/ComfyUI_09436_.png,1,test
6k-flux-images/1_fake/ComfyUI_07847_.png,1,test
6k-flux-images/1_fake/ComfyUI_09573_.png,1,test
6k-flux-images/1_fake/ComfyUI_08236_.png,1,test
6k-flux-images/1_fake/ComfyUI_09206_.png,1,test
6k-flux-images/1_fake/ComfyUI_12921_.png,1,test
6k-flux-images/1_fake/ComfyUI_09533_.png,1,test
6k-flux-images/1_fake/ComfyUI_07630_.png,1,test
6k-flux-images/1_fake/ComfyUI_08990_.png,1,test
6k-flux-images/1_fake/ComfyUI_09442_.png,1,test
6k-flux-images/1_fake/ComfyUI_10650_.png,1,test
6k-flux-images/1_fake/ComfyUI_09177_.png,1,test
6k-flux-images/1_fake/ComfyUI_11343_.png,1,test
6k-flux-images/1_fake/ComfyUI_08819_.png,1,test
6k-flux-images/1_fake/ComfyUI_07561_.png,1,test
6k-flux-images/1_fake/ComfyUI_13633_.png,1,test
6k-flux-images/1_fake/ComfyUI_11721_.png,1,test
6k-flux-images/1_fake/ComfyUI_12193_.png,1,test
6k-flux-images/1_fake/ComfyUI_07553_.png,1,test
6k-flux-images/1_fake/ComfyUI_11729_.png,1,test
6k-flux-images/1_fake/ComfyUI_08710_.png,1,test
6k-flux-images/1_fake/ComfyUI_09538_.png,1,test
6k-flux-images/1_fake/ComfyUI_07723_.png,1,test
6k-flux-images/1_fake/ComfyUI_11454_.png,1,test
6k-flux-images/1_fake/ComfyUI_10380_.png,1,test
6k-flux-images/1_fake/ComfyUI_10022_.png,1,test
6k-flux-images/1_fake/ComfyUI_13066_.png,1,test
6k-flux-images/1_fake/ComfyUI_10032_.png,1,test
6k-flux-images/1_fake/ComfyUI_11290_.png,1,test
6k-flux-images/1_fake/ComfyUI_08531_.png,1,test
6k-flux-images/1_fake/ComfyUI_12521_.png,1,test
6k-flux-images/1_fake/ComfyUI_10820_.png,1,test
6k-flux-images/1_fake/ComfyUI_13503_.png,1,test
6k-flux-images/1_fake/ComfyUI_07643_.png,1,test
6k-flux-images/1_fake/ComfyUI_08729_.png,1,test
6k-flux-images/1_fake/ComfyUI_11563_.png,1,test
6k-flux-images/1_fake/ComfyUI_13292_.png,1,test
6k-flux-images/1_fake/ComfyUI_09153_.png,1,test
6k-flux-images/1_fake/ComfyUI_11249_.png,1,test
6k-flux-images/1_fake/ComfyUI_09822_.png,1,test
6k-flux-images/1_fake/ComfyUI_09983_.png,1,test
6k-flux-images/1_fake/ComfyUI_08602_.png,1,test
6k-flux-images/1_fake/ComfyUI_13566_.png,1,test
6k-flux-images/1_fake/ComfyUI_09892_.png,1,test
6k-flux-images/1_fake/ComfyUI_11388_.png,1,test
6k-flux-images/1_fake/ComfyUI_08138_.png,1,test
6k-flux-images/1_fake/ComfyUI_08430_.png,1,test
6k-flux-images/1_fake/ComfyUI_12787_.png,1,test
6k-flux-images/1_fake/ComfyUI_07487_.png,1,test
6k-flux-images/1_fake/ComfyUI_11080_.png,1,test
6k-flux-images/1_fake/ComfyUI_07909_.png,1,test
6k-flux-images/1_fake/ComfyUI_09134_.png,1,test
6k-flux-images/1_fake/ComfyUI_08315_.png,1,test
6k-flux-images/1_fake/ComfyUI_11976_.png,1,test
6k-flux-images/1_fake/ComfyUI_09667_.png,1,test
6k-flux-images/1_fake/ComfyUI_11095_.png,1,test
6k-flux-images/1_fake/ComfyUI_12571_.png,1,test
6k-flux-images/1_fake/ComfyUI_10958_.png,1,test
6k-flux-images/1_fake/ComfyUI_10734_.png,1,test
6k-flux-images/1_fake/ComfyUI_09699_.png,1,test
6k-flux-images/1_fake/ComfyUI_10273_.png,1,test
6k-flux-images/1_fake/ComfyUI_11256_.png,1,test
6k-flux-images/1_fake/ComfyUI_10640_.png,1,test
6k-flux-images/1_fake/ComfyUI_10897_.png,1,test
6k-flux-images/1_fake/ComfyUI_09075_.png,1,test
6k-flux-images/1_fake/ComfyUI_09561_.png,1,test
6k-flux-images/1_fake/ComfyUI_08192_.png,1,test
6k-flux-images/1_fake/ComfyUI_07764_.png,1,test
6k-flux-images/1_fake/ComfyUI_08988_.png,1,test
6k-flux-images/1_fake/ComfyUI_12312_.png,1,test
6k-flux-images/1_fake/ComfyUI_10367_.png,1,test
6k-flux-images/1_fake/ComfyUI_13481_.png,1,test
6k-flux-images/1_fake/ComfyUI_12496_.png,1,test
6k-flux-images/1_fake/ComfyUI_12951_.png,1,test
6k-flux-images/1_fake/ComfyUI_10873_.png,1,test
6k-flux-images/1_fake/ComfyUI_13377_.png,1,test
6k-flux-images/1_fake/ComfyUI_10937_.png,1,test
6k-flux-images/1_fake/ComfyUI_09919_.png,1,test
6k-flux-images/1_fake/ComfyUI_13627_.png,1,test
6k-flux-images/1_fake/ComfyUI_12000_.png,1,test
6k-flux-images/1_fake/ComfyUI_10738_.png,1,test
6k-flux-images/1_fake/ComfyUI_12261_.png,1,test
6k-flux-images/1_fake/ComfyUI_09698_.png,1,test
6k-flux-images/1_fake/ComfyUI_10419_.png,1,test
6k-flux-images/1_fake/ComfyUI_10397_.png,1,test
6k-flux-images/1_fake/ComfyUI_11416_.png,1,test
6k-flux-images/1_fake/ComfyUI_08252_.png,1,test
6k-flux-images/1_fake/ComfyUI_10904_.png,1,test
6k-flux-images/1_fake/ComfyUI_11174_.png,1,test
6k-flux-images/1_fake/ComfyUI_07557_.png,1,test
6k-flux-images/1_fake/ComfyUI_12890_.png,1,test
6k-flux-images/1_fake/ComfyUI_09468_.png,1,test
6k-flux-images/1_fake/ComfyUI_11688_.png,1,test
6k-flux-images/1_fake/ComfyUI_12498_.png,1,test
6k-flux-images/1_fake/ComfyUI_13373_.png,1,test
6k-flux-images/1_fake/ComfyUI_09424_.png,1,test
6k-flux-images/1_fake/ComfyUI_09069_.png,1,test
6k-flux-images/1_fake/ComfyUI_10443_.png,1,test
6k-flux-images/1_fake/ComfyUI_07910_.png,1,test
6k-flux-images/1_fake/ComfyUI_11464_.png,1,test
6k-flux-images/1_fake/ComfyUI_08568_.png,1,test
6k-flux-images/1_fake/ComfyUI_08855_.png,1,test
6k-flux-images/1_fake/ComfyUI_08108_.png,1,test
6k-flux-images/1_fake/ComfyUI_08896_.png,1,test
6k-flux-images/1_fake/ComfyUI_08711_.png,1,test
6k-flux-images/1_fake/ComfyUI_10756_.png,1,test
6k-flux-images/1_fake/ComfyUI_07565_.png,1,test
6k-flux-images/1_fake/ComfyUI_12227_.png,1,test
6k-flux-images/1_fake/ComfyUI_13011_.png,1,test
6k-flux-images/1_fake/ComfyUI_09536_.png,1,test
6k-flux-images/1_fake/ComfyUI_08880_.png,1,test
6k-flux-images/1_fake/ComfyUI_07710_.png,1,test
6k-flux-images/1_fake/ComfyUI_08682_.png,1,test
6k-flux-images/1_fake/ComfyUI_12057_.png,1,test
6k-flux-images/1_fake/ComfyUI_12584_.png,1,test
6k-flux-images/1_fake/ComfyUI_11876_.png,1,test
6k-flux-images/1_fake/ComfyUI_11000_.png,1,test
6k-flux-images/1_fake/ComfyUI_12678_.png,1,test
6k-flux-images/1_fake/ComfyUI_08520_.png,1,test
6k-flux-images/1_fake/ComfyUI_08092_.png,1,test
6k-flux-images/1_fake/ComfyUI_11900_.png,1,test
6k-flux-images/1_fake/ComfyUI_10843_.png,1,test
6k-flux-images/1_fake/ComfyUI_09189_.png,1,test
6k-flux-images/1_fake/ComfyUI_13694_.png,1,test
6k-flux-images/1_fake/ComfyUI_11276_.png,1,test
6k-flux-images/1_fake/ComfyUI_12269_.png,1,test
6k-flux-images/1_fake/ComfyUI_08379_.png,1,test
6k-flux-images/1_fake/ComfyUI_12796_.png,1,test
6k-flux-images/1_fake/ComfyUI_12507_.png,1,test
6k-flux-images/1_fake/ComfyUI_11205_.png,1,test
6k-flux-images/1_fake/ComfyUI_12442_.png,1,test
6k-flux-images/1_fake/ComfyUI_13271_.png,1,test
6k-flux-images/1_fake/ComfyUI_12142_.png,1,test
6k-flux-images/1_fake/ComfyUI_10875_.png,1,test
6k-flux-images/1_fake/ComfyUI_08734_.png,1,test
6k-flux-images/1_fake/ComfyUI_12834_.png,1,test
6k-flux-images/1_fake/ComfyUI_09377_.png,1,test
6k-flux-images/1_fake/ComfyUI_09641_.png,1,test
6k-flux-images/1_fake/ComfyUI_12659_.png,1,test
6k-flux-images/1_fake/ComfyUI_08301_.png,1,test
6k-flux-images/1_fake/ComfyUI_11501_.png,1,test
6k-flux-images/1_fake/ComfyUI_12245_.png,1,test
6k-flux-images/1_fake/ComfyUI_10368_.png,1,test
6k-flux-images/1_fake/ComfyUI_10880_.png,1,test
6k-flux-images/1_fake/ComfyUI_13172_.png,1,test
6k-flux-images/1_fake/ComfyUI_10353_.png,1,test
6k-flux-images/1_fake/ComfyUI_08860_.png,1,test
6k-flux-images/1_fake/ComfyUI_13599_.png,1,test
6k-flux-images/1_fake/ComfyUI_13446_.png,1,test
6k-flux-images/1_fake/ComfyUI_09768_.png,1,test
6k-flux-images/1_fake/ComfyUI_08950_.png,1,test
6k-flux-images/1_fake/ComfyUI_08255_.png,1,test
6k-flux-images/1_fake/ComfyUI_12121_.png,1,test
6k-flux-images/1_fake/ComfyUI_13692_.png,1,test
6k-flux-images/1_fake/ComfyUI_08123_.png,1,test
6k-flux-images/1_fake/ComfyUI_12420_.png,1,test
6k-flux-images/1_fake/ComfyUI_08409_.png,1,test
6k-flux-images/1_fake/ComfyUI_13465_.png,1,test
6k-flux-images/1_fake/ComfyUI_12814_.png,1,test
6k-flux-images/1_fake/ComfyUI_11422_.png,1,test
6k-flux-images/1_fake/ComfyUI_09614_.png,1,test
6k-flux-images/1_fake/ComfyUI_10643_.png,1,test
6k-flux-images/1_fake/ComfyUI_08417_.png,1,test
6k-flux-images/1_fake/ComfyUI_07872_.png,1,test
6k-flux-images/1_fake/ComfyUI_09742_.png,1,test
6k-flux-images/1_fake/ComfyUI_12714_.png,1,test
6k-flux-images/1_fake/ComfyUI_08260_.png,1,test
6k-flux-images/1_fake/ComfyUI_12572_.png,1,test
6k-flux-images/1_fake/ComfyUI_13720_.png,1,test
6k-flux-images/1_fake/ComfyUI_08287_.png,1,test
6k-flux-images/1_fake/ComfyUI_13653_.png,1,test
6k-flux-images/1_fake/ComfyUI_08332_.png,1,test
6k-flux-images/1_fake/ComfyUI_08254_.png,1,test
6k-flux-images/1_fake/ComfyUI_13304_.png,1,test
6k-flux-images/1_fake/ComfyUI_09434_.png,1,test
6k-flux-images/1_fake/ComfyUI_10011_.png,1,test
6k-flux-images/1_fake/ComfyUI_13259_.png,1,test
6k-flux-images/1_fake/ComfyUI_08943_.png,1,test
6k-flux-images/1_fake/ComfyUI_09738_.png,1,test
6k-flux-images/1_fake/ComfyUI_10755_.png,1,test
6k-flux-images/1_fake/ComfyUI_09460_.png,1,test
6k-flux-images/1_fake/ComfyUI_09501_.png,1,test
6k-flux-images/1_fake/ComfyUI_09815_.png,1,test
6k-flux-images/1_fake/ComfyUI_11750_.png,1,test
6k-flux-images/1_fake/ComfyUI_09343_.png,1,test
6k-flux-images/1_fake/ComfyUI_08459_.png,1,test
6k-flux-images/1_fake/ComfyUI_09282_.png,1,test
6k-flux-images/1_fake/ComfyUI_07671_.png,1,test
6k-flux-images/1_fake/ComfyUI_08523_.png,1,test
6k-flux-images/1_fake/ComfyUI_11926_.png,1,test
6k-flux-images/1_fake/ComfyUI_09217_.png,1,test
6k-flux-images/1_fake/ComfyUI_07699_.png,1,test
6k-flux-images/1_fake/ComfyUI_08127_.png,1,test
6k-flux-images/1_fake/ComfyUI_09004_.png,1,test
6k-flux-images/1_fake/ComfyUI_12785_.png,1,test
6k-flux-images/1_fake/ComfyUI_13396_.png,1,test
6k-flux-images/1_fake/ComfyUI_09475_.png,1,test
6k-flux-images/1_fake/ComfyUI_08091_.png,1,test
6k-flux-images/1_fake/ComfyUI_09426_.png,1,test
6k-flux-images/1_fake/ComfyUI_09249_.png,1,test
6k-flux-images/1_fake/ComfyUI_08177_.png,1,test
6k-flux-images/1_fake/ComfyUI_12213_.png,1,test
6k-flux-images/1_fake/ComfyUI_10505_.png,1,test
6k-flux-images/1_fake/ComfyUI_08512_.png,1,test
6k-flux-images/1_fake/ComfyUI_08075_.png,1,test
6k-flux-images/1_fake/ComfyUI_07575_.png,1,test
6k-flux-images/1_fake/ComfyUI_10262_.png,1,test
6k-flux-images/1_fake/ComfyUI_12849_.png,1,test
6k-flux-images/1_fake/ComfyUI_10600_.png,1,test
6k-flux-images/1_fake/ComfyUI_11192_.png,1,test
6k-flux-images/1_fake/ComfyUI_10424_.png,1,test
6k-flux-images/1_fake/ComfyUI_12252_.png,1,test
6k-flux-images/1_fake/ComfyUI_11443_.png,1,test
6k-flux-images/1_fake/ComfyUI_13309_.png,1,test
6k-flux-images/1_fake/ComfyUI_10500_.png,1,test
6k-flux-images/1_fake/ComfyUI_10592_.png,1,test
6k-flux-images/1_fake/ComfyUI_10867_.png,1,test
6k-flux-images/1_fake/ComfyUI_09928_.png,1,test
6k-flux-images/1_fake/ComfyUI_08630_.png,1,test
6k-flux-images/1_fake/ComfyUI_10768_.png,1,test
6k-flux-images/1_fake/ComfyUI_08479_.png,1,test
6k-flux-images/1_fake/ComfyUI_10604_.png,1,test
6k-flux-images/1_fake/ComfyUI_13367_.png,1,test
6k-flux-images/1_fake/ComfyUI_08129_.png,1,test
6k-flux-images/1_fake/ComfyUI_09720_.png,1,test
6k-flux-images/1_fake/ComfyUI_07547_.png,1,test
6k-flux-images/1_fake/ComfyUI_12372_.png,1,test
6k-flux-images/1_fake/ComfyUI_08777_.png,1,test
6k-flux-images/1_fake/ComfyUI_10623_.png,1,test
6k-flux-images/1_fake/ComfyUI_12075_.png,1,test
6k-flux-images/1_fake/ComfyUI_10362_.png,1,test
6k-flux-images/1_fake/ComfyUI_09243_.png,1,test
6k-flux-images/1_fake/ComfyUI_11756_.png,1,test
6k-flux-images/1_fake/ComfyUI_10478_.png,1,test
6k-flux-images/1_fake/ComfyUI_12491_.png,1,test
6k-flux-images/1_fake/ComfyUI_09139_.png,1,test
6k-flux-images/1_fake/ComfyUI_12755_.png,1,test
6k-flux-images/1_fake/ComfyUI_12696_.png,1,test
6k-flux-images/1_fake/ComfyUI_07785_.png,1,test
6k-flux-images/1_fake/ComfyUI_09873_.png,1,test
6k-flux-images/1_fake/ComfyUI_07598_.png,1,test
6k-flux-images/1_fake/ComfyUI_10316_.png,1,test
6k-flux-images/1_fake/ComfyUI_11963_.png,1,test
6k-flux-images/1_fake/ComfyUI_11989_.png,1,test
6k-flux-images/1_fake/ComfyUI_13704_.png,1,test
6k-flux-images/1_fake/ComfyUI_09791_.png,1,test
6k-flux-images/1_fake/ComfyUI_09095_.png,1,test
6k-flux-images/1_fake/ComfyUI_11706_.png,1,test
6k-flux-images/1_fake/ComfyUI_09149_.png,1,test
